{
  "schema": "ramflux.perf.d1.2b.k4.median_diagnostic.v2",
  "run_id": "a0b_cand32_r2_run0",
  "git_sha": "68788edf9bc6208aa555b719373a6aea59e7f6b3",
  "git_dirty": true,
  "build": "release",
  "generated_note": "CTRL-088 PERF-D1-2b-K4: A_small K4 median-gate diagnostic; median-growth ratio recorded as DATA (not gated); absolute/peak/FD/conservation fail-stop; mac-dev, not an SLO",
  "k": 4,
  "rounds": 30,
  "object_bytes": 65536,
  "chunk_bytes": 65536,
  "objects_per_daemon_per_round": 4,
  "ops_ok": 480,
  "ops_total": 480,
  "error_classes": [],
  "http_object_requests": 0,
  "distinct_connections": 4,
  "max_requests_on_one_connection": 770,
  "measured_rss_anon_mib": [
    88.22265625,
    95.8515625,
    85.0859375,
    111.390625,
    112.56640625,
    90.76953125,
    106.25,
    90.78515625,
    111.12109375,
    111.96875,
    105.8046875,
    105.3515625,
    113.3359375,
    100.4296875,
    101.234375,
    93.58984375,
    99.58203125,
    115.25,
    97.60546875,
    105.72265625,
    108.08203125,
    107.25,
    115.0546875,
    109.08203125,
    113.2265625,
    104.19921875,
    110.58984375,
    103.9453125,
    117.078125,
    117.09375
  ],
  "measured_rss_mib": [
    97.09765625,
    105.02734375,
    94.03515625,
    120.34765625,
    121.5390625,
    99.76953125,
    115.26171875,
    99.8203125,
    120.40234375,
    121.0234375,
    114.8671875,
    114.4296875,
    122.609375,
    109.52734375,
    110.53125,
    102.80078125,
    108.7265625,
    124.40234375,
    106.77734375,
    115.3125,
    117.50390625,
    116.4453125,
    124.45703125,
    118.296875,
    122.45703125,
    113.44140625,
    119.84765625,
    113.27734375,
    126.46484375,
    126.3828125
  ],
  "measured_rss_file_mib": [
    5.765625,
    5.765625,
    5.765625,
    5.765625,
    5.765625,
    5.765625,
    5.765625,
    5.765625,
    5.765625,
    5.765625,
    5.765625,
    5.765625,
    5.765625,
    5.765625,
    5.765625,
    5.765625,
    5.765625,
    5.765625,
    5.765625,
    5.765625,
    5.765625,
    5.765625,
    5.765625,
    5.765625,
    5.765625,
    5.765625,
    5.765625,
    5.765625,
    5.765625,
    5.765625
  ],
  "measured_fd": [
    23,
    23,
    23,
    23,
    23,
    24,
    24,
    24,
    24,
    24,
    24,
    24,
    24,
    24,
    25,
    25,
    25,
    25,
    25,
    25,
    25,
    25,
    25,
    25,
    25,
    25,
    25,
    25,
    25,
    25
  ],
  "median_growth_ratio": 1.3270754925835733,
  "peak_ratio": 1.327252601284038,
  "plateau_mode": false
}