{
  "schema": "ramflux.perf.d1.2b.k4.median_diagnostic.v2",
  "run_id": "a2trim_k4_r1_run0",
  "git_sha": "68788edf9bc6208aa555b719373a6aea59e7f6b3",
  "git_dirty": true,
  "build": "release",
  "generated_note": "CTRL-088 PERF-D1-2b-K4: A_small K4 median-gate diagnostic; median-growth ratio recorded as DATA (not gated); absolute/peak/FD/conservation fail-stop; mac-dev, not an SLO",
  "k": 4,
  "rounds": 30,
  "object_bytes": 65536,
  "chunk_bytes": 65536,
  "objects_per_daemon_per_round": 4,
  "ops_ok": 480,
  "ops_total": 480,
  "error_classes": [],
  "http_object_requests": 0,
  "distinct_connections": 4,
  "max_requests_on_one_connection": 770,
  "measured_rss_anon_mib": [
    93.703125,
    97.01953125,
    88.13671875,
    89.66796875,
    106.62109375,
    136.46484375,
    147.30078125,
    79.49609375,
    96.90625,
    127.83203125,
    137.41015625,
    151.30859375,
    154.390625,
    177.859375,
    193.4375,
    195.640625,
    240.3515625,
    250.44140625,
    188.35546875,
    200.890625,
    193.70703125,
    193.40625,
    201.15234375,
    176.73828125,
    194.7421875,
    211.04296875,
    232.9375,
    234.875,
    263.3359375,
    286.93359375
  ],
  "measured_rss_mib": [
    102.6328125,
    106.09375,
    97.16796875,
    98.71875,
    115.69140625,
    145.5859375,
    156.46484375,
    91.421875,
    124.484375,
    137.171875,
    146.69140625,
    160.68359375,
    163.8515625,
    187.1953125,
    202.98828125,
    205.34375,
    249.9765625,
    260.13671875,
    197.765625,
    210.3125,
    203.13671875,
    202.84765625,
    210.60546875,
    186.2265625,
    204.21875,
    220.55078125,
    242.48828125,
    244.46484375,
    272.98046875,
    296.6171875
  ],
  "measured_rss_file_mib": [
    5.765625,
    5.765625,
    5.765625,
    5.765625,
    5.765625,
    5.765625,
    5.765625,
    5.765625,
    5.765625,
    5.765625,
    5.765625,
    5.765625,
    5.765625,
    5.765625,
    5.765625,
    5.765625,
    5.765625,
    5.765625,
    5.765625,
    5.765625,
    5.765625,
    5.765625,
    5.765625,
    5.765625,
    5.765625,
    5.765625,
    5.765625,
    5.765625,
    5.765625,
    5.765625
  ],
  "measured_fd": [
    23,
    23,
    23,
    23,
    23,
    24,
    24,
    24,
    24,
    24,
    24,
    24,
    24,
    24,
    25,
    25,
    25,
    25,
    25,
    25,
    25,
    25,
    25,
    25,
    25,
    25,
    25,
    25,
    25,
    25
  ],
  "median_growth_ratio": 2.8103218275804567,
  "peak_ratio": 3.0621560780390196,
  "plateau_mode": false
}