{
  "schema": "ramflux.perf.d1.2b.k4.median_diagnostic.v1",
  "run_id": "d2bk4_r1_run0",
  "git_sha": "3baa1fdfeef2ef7831df1ecd8097d9c4037ea7e5",
  "git_dirty": true,
  "build": "release",
  "generated_note": "CTRL-088 PERF-D1-2b-K4: A_small K4 with 12 measured rounds; median-growth ratio recorded as DATA (not gated); absolute/peak/FD/conservation fail-stop; mac-dev, not an SLO",
  "k": 4,
  "rounds": 12,
  "object_bytes": 65536,
  "chunk_bytes": 65536,
  "objects_per_daemon_per_round": 4,
  "ops_ok": 192,
  "ops_total": 192,
  "error_classes": [],
  "http_object_requests": 0,
  "distinct_connections": 4,
  "max_requests_on_one_connection": 338,
  "measured_rss_anon_mib": [
    81.0390625,
    110.30859375,
    101.46484375,
    111.33203125,
    134.16796875,
    136.05078125,
    159.73046875,
    97.6015625,
    107.47265625,
    138.39453125,
    148.19921875,
    157.34375
  ],
  "measured_rss_mib": [
    90.07421875,
    119.21875,
    110.41015625,
    120.609375,
    143.484375,
    145.0859375,
    169.01171875,
    106.65234375,
    116.7265625,
    147.62109375,
    157.296875,
    166.50390625
  ],
  "measured_rss_file_mib": [
    5.7578125,
    5.7578125,
    5.7578125,
    5.7578125,
    5.7578125,
    5.7578125,
    5.7578125,
    5.7578125,
    5.7578125,
    5.7578125,
    5.7578125,
    5.7578125
  ],
  "measured_fd": [
    23,
    23,
    23,
    23,
    23,
    24,
    24,
    24,
    24,
    24,
    24,
    24
  ],
  "median_growth_ratio": 1.460596727622714,
  "peak_ratio": 1.5507218479307026
}