{
  "schema": "ramflux.perf.d1.2b.k4.median_diagnostic.v4",
  "run_id": "cut_k4_run0",
  "git_sha": "4efc50c388959b75268b6ea8641cbb17d65a586f",
  "git_dirty": true,
  "build": "release",
  "generated_note": "CTRL-095 RELAY-MEM-03-A0c-closure PERF-D1-2b-K4: A_small K4 fresh-unique-PUT median-gate diagnostic; median-growth (<=1.25) AND peak (<=1.75) are FORMALLY asserted fail-stop gates (not record-only) alongside success/http/conservation/memcurrent(512)/FD; the 16 MiB redb page-cache candidate executes this gate. When RAMFLUX_S64_D2BK4_RESTART=1 the restart verification adds the six redb CacheStats counters (cold baseline vs post-warm) + read-reached-redb + used<=16MiB evidence. mac-dev, not an SLO",
  "k": 4,
  "rounds": 30,
  "object_bytes": 65536,
  "chunk_bytes": 65536,
  "objects_per_daemon_per_round": 4,
  "ops_ok": 480,
  "ops_total": 480,
  "error_classes": [],
  "http_object_requests": 0,
  "distinct_connections": 4,
  "max_requests_on_one_connection": 770,
  "measured_rss_anon_mib": [
    92.6328125,
    87.7109375,
    94.06640625,
    86.09765625,
    86.07421875,
    90.0234375,
    94.58984375,
    88.765625,
    89.5703125,
    90.0390625,
    85.02734375,
    91.328125,
    86.078125,
    96.734375,
    83.84765625,
    86.48046875,
    104.7890625,
    105.4765625,
    106.67578125,
    106.00390625,
    101.6328125,
    95.18359375,
    102.5859375,
    87.6015625,
    100.0859375,
    86.75390625,
    101.15234375,
    101.6640625,
    102.77734375,
    103.203125
  ],
  "measured_rss_mib": [
    132.80078125,
    96.73046875,
    102.98046875,
    95.0390625,
    95.03125,
    99.0,
    103.578125,
    97.77734375,
    98.6015625,
    99.09375,
    94.078125,
    100.56640625,
    95.1484375,
    106.05859375,
    92.953125,
    95.8359375,
    114.01171875,
    114.73046875,
    115.82421875,
    115.3984375,
    110.796875,
    104.5546875,
    111.77734375,
    96.8125,
    109.3046875,
    96.05859375,
    110.64453125,
    111.04296875,
    112.26953125,
    112.48046875
  ],
  "measured_rss_file_mib": [
    5.7421875,
    5.7421875,
    5.7421875,
    5.7421875,
    5.7421875,
    5.7421875,
    5.7421875,
    5.7421875,
    5.7421875,
    5.7421875,
    5.7421875,
    5.7421875,
    5.7421875,
    5.7421875,
    5.7421875,
    5.7421875,
    5.7421875,
    5.7421875,
    5.7421875,
    5.7421875,
    5.7421875,
    5.7421875,
    5.7421875,
    5.7421875,
    5.7421875,
    5.7421875,
    5.7421875,
    5.7421875,
    5.7421875,
    5.7421875
  ],
  "measured_fd": [
    23,
    23,
    23,
    23,
    23,
    24,
    24,
    24,
    24,
    24,
    24,
    24,
    24,
    24,
    25,
    25,
    25,
    25,
    25,
    25,
    25,
    25,
    25,
    25,
    25,
    25,
    25,
    25,
    25,
    25
  ],
  "put_p50_ns": 81125666,
  "put_p95_ns": 111447792,
  "put_p99_ns": 144310458,
  "get_p50_ns": 31195000,
  "get_p95_ns": 34837834,
  "get_p99_ns": 52265750,
  "throughput_mib_s": 2.801809128154049,
  "round_throughputs_mib_s": [
    2.8517215308183763,
    3.094234921438164,
    2.716393878470575,
    2.639971562859918,
    2.612138846401435,
    2.500645216478756,
    2.952501266807575,
    2.8483658213191636,
    2.7859693014042675,
    2.863614962409942,
    2.853078923372751,
    3.005762419272285,
    2.706046557119696,
    2.808972983297847,
    2.847518577915963,
    2.801809128154049,
    2.853283115093982,
    2.830623954438277,
    2.7203398792645155,
    2.814010112145338,
    2.7678296061652206,
    2.524030346416855,
    2.839878424804634,
    2.6417781855462206,
    2.885900167945826,
    3.0086664697835444,
    2.6547976609990163,
    2.703245784780865,
    2.720961642263609,
    2.6408587233831713
  ],
  "restart": null,
  "median_growth_ratio": 1.1095133676309352,
  "peak_ratio": 1.1141098085519103,
  "plateau_mode": false
}