{
  "schema": "ramflux.perf.d1.2b.k4.median_diagnostic.v2",
  "run_id": "d2bA_r1_run0",
  "git_sha": "3baa1fdfeef2ef7831df1ecd8097d9c4037ea7e5",
  "git_dirty": true,
  "build": "release",
  "generated_note": "CTRL-089 RELAY-MEM-02-A1-PROFILE (plateau mode): A_small K4 with `rounds` measured rounds, NORMAL production allocator; peak_ratio(1.75) AND median_growth(1.25) recorded as DATA only (NOT asserted) to observe the RssAnon curve past the 1.75 crossing; success/http/conservation/memcurrent(512)/FD remain fail-stop. RssAnon==Private_Dirty (same /proc source) and redb page cache ~= measured_rss_file_mib (mmap, reclaimable); no distinct per-round Private_Dirty/redb vector is sampled for A_small (collect_mem is D_resource-only). mac-dev, not an SLO. Distinguishing bounded high-water plateau from per-op retained leak requires the Part B allocator profile.",
  "k": 4,
  "rounds": 30,
  "object_bytes": 65536,
  "chunk_bytes": 65536,
  "objects_per_daemon_per_round": 4,
  "ops_ok": 480,
  "ops_total": 480,
  "error_classes": [],
  "http_object_requests": 0,
  "distinct_connections": 4,
  "max_requests_on_one_connection": 770,
  "measured_rss_anon_mib": [
    81.91796875,
    118.046875,
    102.375,
    112.65625,
    127.76171875,
    145.1640625,
    161.1484375,
    143.296875,
    142.75,
    128.37890625,
    142.41796875,
    173.60546875,
    190.46484375,
    198.87109375,
    217.26171875,
    237.96875,
    256.8203125,
    265.9296875,
    210.3828125,
    204.17578125,
    209.94140625,
    203.9921875,
    211.3125,
    205.12109375,
    212.44140625,
    219.515625,
    236.015625,
    259.1796875,
    278.4921875,
    288.015625
  ],
  "measured_rss_mib": [
    90.87890625,
    127.14453125,
    111.32421875,
    121.62890625,
    137.00390625,
    154.21484375,
    170.23828125,
    152.359375,
    151.8203125,
    137.4609375,
    151.52734375,
    182.75390625,
    199.65234375,
    208.19921875,
    226.546875,
    247.30859375,
    266.23046875,
    275.38671875,
    219.921875,
    213.53515625,
    219.30859375,
    213.66796875,
    220.8984375,
    214.5234375,
    222.078125,
    228.95703125,
    245.5,
    268.75390625,
    288.0703125,
    297.66796875
  ],
  "measured_rss_file_mib": [
    5.7421875,
    5.7421875,
    5.7421875,
    5.7421875,
    5.7421875,
    5.7421875,
    5.7421875,
    5.7421875,
    5.7421875,
    5.7421875,
    5.7421875,
    5.7421875,
    5.7421875,
    5.7421875,
    5.7421875,
    5.7421875,
    5.7421875,
    5.7421875,
    5.7421875,
    5.7421875,
    5.7421875,
    5.7421875,
    5.7421875,
    5.7421875,
    5.7421875,
    5.7421875,
    5.7421875,
    5.7421875,
    5.7421875,
    5.7421875
  ],
  "measured_fd": [
    23,
    23,
    23,
    23,
    23,
    24,
    24,
    24,
    24,
    24,
    24,
    24,
    24,
    24,
    25,
    25,
    25,
    25,
    25,
    25,
    25,
    25,
    25,
    25,
    25,
    25,
    25,
    25,
    25,
    25
  ],
  "median_growth_ratio": 2.7203144078144077,
  "peak_ratio": 2.8133394383394386,
  "plateau_mode": true
}