{
  "schema": "ramflux.perf.d1.2b.k4.median_diagnostic.v3",
  "run_id": "a0c_cand16_r1_run0",
  "git_sha": "4efc50c388959b75268b6ea8641cbb17d65a586f",
  "git_dirty": true,
  "build": "release",
  "generated_note": "CTRL-088 PERF-D1-2b-K4: A_small K4 median-gate diagnostic; median-growth ratio recorded as DATA (not gated); absolute/peak/FD/conservation fail-stop; mac-dev, not an SLO",
  "k": 4,
  "rounds": 30,
  "object_bytes": 65536,
  "chunk_bytes": 65536,
  "objects_per_daemon_per_round": 4,
  "ops_ok": 480,
  "ops_total": 480,
  "error_classes": [],
  "http_object_requests": 0,
  "distinct_connections": 4,
  "max_requests_on_one_connection": 770,
  "measured_rss_anon_mib": [
    77.43359375,
    88.53125,
    89.42578125,
    77.42578125,
    83.296875,
    84.39453125,
    76.1484375,
    69.53125,
    75.6875,
    79.19140625,
    69.82421875,
    83.9609375,
    76.03515625,
    69.2734375,
    84.375,
    99.46484375,
    99.4140625,
    98.84765625,
    99.76953125,
    77.75390625,
    86.7890625,
    99.09765625,
    80.5,
    73.2578125,
    93.5625,
    92.703125,
    94.69140625,
    77.6796875,
    81.6796875,
    100.6953125
  ],
  "measured_rss_mib": [
    86.4296875,
    97.44140625,
    98.35546875,
    86.35546875,
    92.26171875,
    93.390625,
    85.36328125,
    78.56640625,
    84.89453125,
    88.26171875,
    79.07421875,
    93.23046875,
    85.2421875,
    78.8359375,
    93.65625,
    109.0078125,
    108.69140625,
    108.01171875,
    108.9453125,
    86.94140625,
    95.984375,
    108.3046875,
    89.765625,
    82.48828125,
    102.93359375,
    101.953125,
    103.94921875,
    87.15625,
    90.95703125,
    110.21875
  ],
  "measured_rss_file_mib": [
    5.765625,
    5.765625,
    5.765625,
    5.765625,
    5.765625,
    5.765625,
    5.765625,
    5.765625,
    5.765625,
    5.765625,
    5.765625,
    5.765625,
    5.765625,
    5.765625,
    5.765625,
    5.765625,
    5.765625,
    5.765625,
    5.765625,
    5.765625,
    5.765625,
    5.765625,
    5.765625,
    5.765625,
    5.765625,
    5.765625,
    5.765625,
    5.765625,
    5.765625,
    5.765625
  ],
  "measured_fd": [
    23,
    23,
    23,
    23,
    23,
    24,
    24,
    24,
    24,
    24,
    24,
    24,
    24,
    24,
    25,
    25,
    25,
    25,
    25,
    25,
    25,
    25,
    25,
    25,
    25,
    25,
    25,
    25,
    25,
    25
  ],
  "put_p50_ns": 77540333,
  "put_p95_ns": 107365167,
  "put_p99_ns": 126705292,
  "get_p50_ns": 30894625,
  "get_p95_ns": 33517417,
  "get_p99_ns": 42353167,
  "throughput_mib_s": 2.89471138083337,
  "round_throughputs_mib_s": [
    3.087606985620647,
    2.89471138083337,
    2.913487626782235,
    3.0708758137820906,
    2.778821441359565,
    3.016033617748219,
    2.712794415237415,
    3.101529735876023,
    2.8711400092246286,
    3.0668684666117696,
    3.0733304293024326,
    2.7110691573761465,
    2.9649154146693637,
    3.0457277956925792,
    2.846429101321846,
    2.966963968818692,
    3.0027336136134934,
    3.072024775953547,
    2.742345034524698,
    2.7953913288867436,
    2.874482144076231,
    2.747453084889503,
    2.615676097878317,
    2.91763339166762,
    2.8537275567704508,
    2.9129009835774284,
    2.741429401411988,
    2.8990132390919015,
    2.8212800271055043,
    2.811300253018147
  ],
  "restart": {
    "objects": 4,
    "rows_retained": true,
    "expected_get_captures": 4,
    "observed_get_captures": 4,
    "get_capture_conserved": true,
    "cache_cap_bytes": 16777216,
    "cache_used_bytes_pre_restart": 15831360,
    "cache_evictions_pre_restart": 5316,
    "cache_used_bytes_post_restart_cold": 16302080,
    "cache_evictions_post_restart_cold": 2983,
    "rss_anon_pre_restart_mib": 100.84375,
    "rss_anon_post_restart_cold_mib": 20.94921875,
    "cache_cold_dropped": false,
    "rss_cold_dropped": true,
    "cache_used_bytes_post_warm": 16302080,
    "cache_evictions_post_warm": 2983,
    "rss_anon_post_warm_mib": 27.515625,
    "cache_bounded_by_cap": true
  },
  "median_growth_ratio": 0.9226085421814331,
  "peak_ratio": 1.1373985174726438,
  "plateau_mode": false
}