{
  "schema": "ramflux.perf.d1.2b.k4.median_diagnostic.v2",
  "run_id": "a0b_control_run0",
  "git_sha": "68788edf9bc6208aa555b719373a6aea59e7f6b3",
  "git_dirty": true,
  "build": "release",
  "generated_note": "CTRL-088 PERF-D1-2b-K4: A_small K4 median-gate diagnostic; median-growth ratio recorded as DATA (not gated); absolute/peak/FD/conservation fail-stop; mac-dev, not an SLO",
  "k": 4,
  "rounds": 30,
  "object_bytes": 65536,
  "chunk_bytes": 65536,
  "objects_per_daemon_per_round": 4,
  "ops_ok": 480,
  "ops_total": 480,
  "error_classes": [],
  "http_object_requests": 0,
  "distinct_connections": 4,
  "max_requests_on_one_connection": 770,
  "measured_rss_anon_mib": [
    82.02734375,
    105.53515625,
    88.046875,
    98.21875,
    113.58203125,
    130.52734375,
    141.16796875,
    61.96484375,
    89.4921875,
    127.11328125,
    142.265625,
    158.765625,
    169.9296875,
    185.109375,
    208.640625,
    224.47265625,
    228.56640625,
    241.81640625,
    81.91796875,
    112.12890625,
    106.09375,
    122.91796875,
    159.2734375,
    184.8828125,
    187.18359375,
    209.8828125,
    203.921875,
    242.7421875,
    262.75390625,
    278.1640625
  ],
  "measured_rss_mib": [
    90.90625,
    114.44921875,
    97.00390625,
    107.19140625,
    122.73828125,
    139.74609375,
    150.47265625,
    71.08203125,
    98.84765625,
    136.4375,
    151.64453125,
    167.9921875,
    179.1796875,
    193.8828125,
    217.98828125,
    233.86328125,
    238.078125,
    251.48828125,
    91.16015625,
    121.40234375,
    115.47265625,
    132.20703125,
    168.61328125,
    194.2578125,
    196.609375,
    219.3515625,
    213.609375,
    252.3125,
    272.53125,
    287.9609375
  ],
  "measured_rss_file_mib": [
    5.765625,
    5.765625,
    5.765625,
    5.765625,
    5.765625,
    5.765625,
    5.765625,
    5.765625,
    5.765625,
    5.765625,
    5.765625,
    5.765625,
    5.765625,
    5.765625,
    5.765625,
    5.765625,
    5.765625,
    5.765625,
    5.765625,
    5.765625,
    5.765625,
    5.765625,
    5.765625,
    5.765625,
    5.765625,
    5.765625,
    5.765625,
    5.765625,
    5.765625,
    5.765625
  ],
  "measured_fd": [
    23,
    23,
    23,
    23,
    23,
    24,
    24,
    24,
    24,
    24,
    24,
    24,
    24,
    25,
    25,
    25,
    25,
    25,
    25,
    25,
    25,
    25,
    25,
    25,
    25,
    25,
    25,
    25,
    25,
    25
  ],
  "median_growth_ratio": 2.9842502218278617,
  "peak_ratio": 3.1592724046140197,
  "plateau_mode": false
}