{
  "schema": "ramflux.perf.d1.2b.k4.median_diagnostic.v2",
  "run_id": "d2bA_r2_run0",
  "git_sha": "3baa1fdfeef2ef7831df1ecd8097d9c4037ea7e5",
  "git_dirty": true,
  "build": "release",
  "generated_note": "CTRL-089 RELAY-MEM-02-A1-PROFILE (plateau mode): A_small K4 with `rounds` measured rounds, NORMAL production allocator; peak_ratio(1.75) AND median_growth(1.25) recorded as DATA only (NOT asserted) to observe the RssAnon curve past the 1.75 crossing; success/http/conservation/memcurrent(512)/FD remain fail-stop. RssAnon==Private_Dirty (same /proc source) and redb page cache ~= measured_rss_file_mib (mmap, reclaimable); no distinct per-round Private_Dirty/redb vector is sampled for A_small (collect_mem is D_resource-only). mac-dev, not an SLO. Distinguishing bounded high-water plateau from per-op retained leak requires the Part B allocator profile.",
  "k": 4,
  "rounds": 30,
  "object_bytes": 65536,
  "chunk_bytes": 65536,
  "objects_per_daemon_per_round": 4,
  "ops_ok": 480,
  "ops_total": 480,
  "error_classes": [],
  "http_object_requests": 0,
  "distinct_connections": 4,
  "max_requests_on_one_connection": 770,
  "measured_rss_anon_mib": [
    94.140625,
    95.11328125,
    109.32421875,
    122.6015625,
    112.40234375,
    136.20703125,
    136.67578125,
    102.74609375,
    110.31640625,
    123.28125,
    118.546875,
    142.46875,
    173.78125,
    196.3203125,
    197.4140625,
    214.5703125,
    251.5546875,
    267.64453125,
    205.4453125,
    211.76953125,
    212.43359375,
    205.79296875,
    213.43359375,
    214.72265625,
    207.22265625,
    220.76953125,
    229.8671875,
    246.1953125,
    266.18359375,
    273.73046875
  ],
  "measured_rss_mib": [
    102.9921875,
    114.10546875,
    144.671875,
    131.55859375,
    121.37890625,
    145.6640625,
    145.7578125,
    111.81640625,
    119.79296875,
    132.4765625,
    127.7578125,
    151.828125,
    182.98046875,
    205.55859375,
    206.8515625,
    223.90625,
    260.93359375,
    277.28125,
    214.8125,
    221.2421875,
    222.01953125,
    215.34375,
    222.359375,
    224.1171875,
    216.62890625,
    230.19921875,
    239.33984375,
    255.70703125,
    275.97265625,
    283.46875
  ],
  "measured_rss_file_mib": [
    5.7578125,
    5.7578125,
    5.7578125,
    5.7578125,
    5.7578125,
    5.7578125,
    5.7578125,
    5.7578125,
    5.7578125,
    5.7578125,
    5.7578125,
    5.7578125,
    5.7578125,
    5.7578125,
    5.7578125,
    5.7578125,
    5.7578125,
    5.7578125,
    5.7578125,
    5.7578125,
    5.7578125,
    5.7578125,
    5.7578125,
    5.7578125,
    5.7578125,
    5.7578125,
    5.7578125,
    5.7578125,
    5.7578125,
    5.7578125
  ],
  "measured_fd": [
    23,
    23,
    23,
    23,
    23,
    24,
    24,
    24,
    24,
    24,
    24,
    24,
    24,
    24,
    25,
    25,
    25,
    25,
    25,
    25,
    25,
    25,
    25,
    25,
    25,
    25,
    25,
    25,
    25,
    25
  ],
  "median_growth_ratio": 2.798595424863444,
  "peak_ratio": 2.877941599244322,
  "plateau_mode": true
}