{
  "schema": "ramflux.perf.d1.2b.k4.median_diagnostic.v3",
  "run_id": "a0c_cand16_r2_run0",
  "git_sha": "4efc50c388959b75268b6ea8641cbb17d65a586f",
  "git_dirty": true,
  "build": "release",
  "generated_note": "CTRL-088 PERF-D1-2b-K4: A_small K4 median-gate diagnostic; median-growth ratio recorded as DATA (not gated); absolute/peak/FD/conservation fail-stop; mac-dev, not an SLO",
  "k": 4,
  "rounds": 30,
  "object_bytes": 65536,
  "chunk_bytes": 65536,
  "objects_per_daemon_per_round": 4,
  "ops_ok": 480,
  "ops_total": 480,
  "error_classes": [],
  "http_object_requests": 0,
  "distinct_connections": 4,
  "max_requests_on_one_connection": 770,
  "measured_rss_anon_mib": [
    71.203125,
    86.890625,
    87.7578125,
    74.6015625,
    80.91796875,
    75.58203125,
    75.23828125,
    89.34375,
    81.9375,
    67.6640625,
    76.96875,
    68.10546875,
    83.234375,
    89.53515625,
    78.40625,
    75.39453125,
    92.23828125,
    92.24609375,
    84.26171875,
    90.41015625,
    76.55859375,
    84.65234375,
    92.06640625,
    92.55078125,
    74.80078125,
    79.90234375,
    87.0546875,
    81.34765625,
    80.984375,
    79.0859375
  ],
  "measured_rss_mib": [
    80.08984375,
    95.79296875,
    96.671875,
    83.52734375,
    90.1015625,
    84.53515625,
    84.2265625,
    98.34375,
    107.03125,
    108.87109375,
    86.01171875,
    77.16015625,
    92.37890625,
    98.7421875,
    87.5,
    84.49609375,
    101.3515625,
    101.4140625,
    93.39453125,
    99.55078125,
    85.9296875,
    93.9609375,
    101.6875,
    101.92578125,
    84.0078125,
    89.25,
    96.484375,
    90.59765625,
    90.2421875,
    88.35546875
  ],
  "measured_rss_file_mib": [
    5.765625,
    5.765625,
    5.765625,
    5.765625,
    5.765625,
    5.765625,
    5.765625,
    5.765625,
    5.765625,
    5.765625,
    5.765625,
    5.765625,
    5.765625,
    5.765625,
    5.765625,
    5.765625,
    5.765625,
    5.765625,
    5.765625,
    5.765625,
    5.765625,
    5.765625,
    5.765625,
    5.765625,
    5.765625,
    5.765625,
    5.765625,
    5.765625,
    5.765625,
    5.765625
  ],
  "measured_fd": [
    23,
    23,
    23,
    23,
    23,
    24,
    24,
    24,
    24,
    24,
    24,
    24,
    24,
    24,
    25,
    25,
    25,
    25,
    25,
    25,
    25,
    25,
    25,
    25,
    25,
    25,
    25,
    25,
    25,
    25
  ],
  "put_p50_ns": 77925125,
  "put_p95_ns": 107237834,
  "put_p99_ns": 137631042,
  "get_p50_ns": 30985500,
  "get_p95_ns": 33574666,
  "get_p99_ns": 45340750,
  "throughput_mib_s": 2.901728605287309,
  "round_throughputs_mib_s": [
    3.057948899184724,
    2.935326683939753,
    3.007545932745258,
    2.9909669030908357,
    2.842176427067158,
    2.734939568447103,
    2.953124316490148,
    2.8520295755466987,
    2.8446403215727067,
    2.688214498011225,
    3.0185307603377134,
    2.8834613124957658,
    2.941988762338425,
    2.870414769308152,
    2.986136488086995,
    3.107528648500831,
    2.989482257038656,
    2.901728605287309,
    2.8678097492488677,
    2.6622594416977856,
    3.039825892877648,
    2.9894483683030284,
    2.8440460251968256,
    3.0212271358137732,
    2.937766363236726,
    2.42879383669276,
    2.8265142081082195,
    2.6777101359337676,
    2.7672995134741543,
    3.072005505033865
  ],
  "restart": {
    "objects": 4,
    "rows_retained": true,
    "expected_get_captures": 4,
    "observed_get_captures": 4,
    "get_capture_conserved": true,
    "cache_cap_bytes": 16777216,
    "cache_used_bytes_pre_restart": 15831360,
    "cache_evictions_pre_restart": 5366,
    "cache_used_bytes_post_restart_cold": 16244736,
    "cache_evictions_post_restart_cold": 3012,
    "rss_anon_pre_restart_mib": 79.08984375,
    "rss_anon_post_restart_cold_mib": 20.9453125,
    "cache_cold_dropped": false,
    "rss_cold_dropped": true,
    "cache_used_bytes_post_warm": 16244736,
    "cache_evictions_post_warm": 3012,
    "rss_anon_post_warm_mib": 27.7265625,
    "cache_bounded_by_cap": true
  },
  "median_growth_ratio": 0.9320266139183601,
  "peak_ratio": 0.9362075166336989,
  "plateau_mode": false
}