{
  "schema": "ramflux.perf.d1.2b.k4.median_diagnostic.v3",
  "run_id": "a0c_control_run0",
  "git_sha": "4efc50c388959b75268b6ea8641cbb17d65a586f",
  "git_dirty": true,
  "build": "release",
  "generated_note": "CTRL-088 PERF-D1-2b-K4: A_small K4 median-gate diagnostic; median-growth ratio recorded as DATA (not gated); absolute/peak/FD/conservation fail-stop; mac-dev, not an SLO",
  "k": 4,
  "rounds": 30,
  "object_bytes": 65536,
  "chunk_bytes": 65536,
  "objects_per_daemon_per_round": 4,
  "ops_ok": 480,
  "ops_total": 480,
  "error_classes": [],
  "http_object_requests": 0,
  "distinct_connections": 4,
  "max_requests_on_one_connection": 770,
  "measured_rss_anon_mib": [
    87.33984375,
    98.8828125,
    82.72265625,
    96.359375,
    121.69140625,
    131.08203125,
    124.84375,
    136.4140625,
    114.2734375,
    121.328125,
    144.01171875,
    159.83203125,
    169.1796875,
    179.5546875,
    201.37890625,
    203.09765625,
    241.19140625,
    228.84765625,
    195.0546875,
    186.0859375,
    194.1640625,
    180.80859375,
    186.4765625,
    174.1953125,
    180.5703125,
    202.2265625,
    219.1328125,
    242.54296875,
    262.375,
    258.2421875
  ],
  "measured_rss_mib": [
    96.234375,
    107.81640625,
    91.6953125,
    105.34765625,
    130.77734375,
    140.16015625,
    133.9609375,
    145.515625,
    123.3828125,
    130.44921875,
    153.15625,
    169.10546875,
    178.5703125,
    189.01953125,
    210.70703125,
    212.47265625,
    250.62890625,
    238.328125,
    204.49609375,
    195.50390625,
    203.7890625,
    190.41015625,
    196.0390625,
    183.625,
    190.3984375,
    211.6953125,
    228.84375,
    252.11328125,
    271.99609375,
    267.88671875
  ],
  "measured_rss_file_mib": [
    5.765625,
    5.765625,
    5.765625,
    5.765625,
    5.765625,
    5.765625,
    5.765625,
    5.765625,
    5.765625,
    5.765625,
    5.765625,
    5.765625,
    5.765625,
    5.765625,
    5.765625,
    5.765625,
    5.765625,
    5.765625,
    5.765625,
    5.765625,
    5.765625,
    5.765625,
    5.765625,
    5.765625,
    5.765625,
    5.765625,
    5.765625,
    5.765625,
    5.765625,
    5.765625
  ],
  "measured_fd": [
    23,
    23,
    23,
    23,
    23,
    24,
    24,
    24,
    24,
    24,
    24,
    24,
    24,
    24,
    25,
    25,
    25,
    25,
    25,
    25,
    25,
    25,
    25,
    25,
    25,
    25,
    25,
    25,
    25,
    25
  ],
  "put_p50_ns": 77447417,
  "put_p95_ns": 105673458,
  "put_p99_ns": 134165833,
  "get_p50_ns": 30848084,
  "get_p95_ns": 35930792,
  "get_p99_ns": 57662375,
  "throughput_mib_s": 2.89888227274411,
  "round_throughputs_mib_s": [
    2.970237474971183,
    2.89888227274411,
    2.8632354130682356,
    3.0050274168784923,
    3.019525757270337,
    2.8063030059422793,
    3.0478644187016664,
    2.821063796696156,
    2.973653427657303,
    3.1488393312099534,
    2.996170142519155,
    2.7214426524255604,
    2.818634606719916,
    2.929987580515143,
    3.00313151538767,
    3.1901149006971625,
    2.9299925940628193,
    2.8834408676561916,
    2.7846888960324208,
    2.817149071564435,
    2.7309638757028774,
    3.0891597138047984,
    2.708724431381723,
    2.9620505811723925,
    2.8535405964117855,
    2.7026138305338483,
    2.621522304894841,
    2.9603081848965984,
    2.8136178609272133,
    2.935338169302967
  ],
  "restart": {
    "objects": 4,
    "rows_retained": true,
    "expected_get_captures": 4,
    "observed_get_captures": 4,
    "get_capture_conserved": true,
    "cache_cap_bytes": 1073741824,
    "cache_used_bytes_pre_restart": 210678080,
    "cache_evictions_pre_restart": 0,
    "cache_used_bytes_post_restart_cold": 540348736,
    "cache_evictions_post_restart_cold": 0,
    "rss_anon_pre_restart_mib": 260.67578125,
    "rss_anon_post_restart_cold_mib": 519.296875,
    "cache_cold_dropped": false,
    "rss_cold_dropped": false,
    "cache_used_bytes_post_warm": 540348736,
    "cache_evictions_post_warm": 0,
    "rss_anon_post_warm_mib": 524.78515625,
    "cache_bounded_by_cap": true
  },
  "median_growth_ratio": 2.9567511963862425,
  "peak_ratio": 3.004069949461067,
  "plateau_mode": false
}