{
  "schema": "ramflux.perf.d1.2b.k4.median_diagnostic.v2",
  "run_id": "a0b_cand32_r1_run0",
  "git_sha": "68788edf9bc6208aa555b719373a6aea59e7f6b3",
  "git_dirty": true,
  "build": "release",
  "generated_note": "CTRL-088 PERF-D1-2b-K4: A_small K4 median-gate diagnostic; median-growth ratio recorded as DATA (not gated); absolute/peak/FD/conservation fail-stop; mac-dev, not an SLO",
  "k": 4,
  "rounds": 30,
  "object_bytes": 65536,
  "chunk_bytes": 65536,
  "objects_per_daemon_per_round": 4,
  "ops_ok": 480,
  "ops_total": 480,
  "error_classes": [],
  "http_object_requests": 0,
  "distinct_connections": 4,
  "max_requests_on_one_connection": 770,
  "measured_rss_anon_mib": [
    77.4296875,
    102.50390625,
    92.828125,
    96.14453125,
    121.33984375,
    137.85546875,
    153.8203125,
    105.19140625,
    115.90625,
    124.26171875,
    134.5078125,
    158.18359375,
    180.51953125,
    175.2734375,
    207.13671875,
    223.3828125,
    239.54296875,
    249.2265625,
    207.84765625,
    201.25,
    209.359375,
    200.7265625,
    201.890625,
    201.53515625,
    201.5546875,
    209.5625,
    224.3671875,
    227.56640625,
    253.703125,
    284.5625
  ],
  "measured_rss_mib": [
    86.51171875,
    111.828125,
    101.828125,
    105.1640625,
    130.546875,
    147.0390625,
    163.11328125,
    114.4765625,
    125.015625,
    133.3828125,
    143.87109375,
    167.375,
    189.75390625,
    184.65234375,
    216.46484375,
    233.01171875,
    248.953125,
    258.734375,
    217.1953125,
    210.75,
    218.8125,
    210.140625,
    211.28125,
    210.9453125,
    210.98828125,
    219.0234375,
    233.87109375,
    237.17578125,
    263.296875,
    294.19921875
  ],
  "measured_rss_file_mib": [
    5.74609375,
    5.74609375,
    5.74609375,
    5.74609375,
    5.74609375,
    5.74609375,
    5.74609375,
    5.74609375,
    5.74609375,
    5.74609375,
    5.74609375,
    5.74609375,
    5.74609375,
    5.74609375,
    5.74609375,
    5.74609375,
    5.74609375,
    5.74609375,
    5.74609375,
    5.74609375,
    5.74609375,
    5.74609375,
    5.74609375,
    5.74609375,
    5.74609375,
    5.74609375,
    5.74609375,
    5.74609375,
    5.74609375,
    5.74609375
  ],
  "measured_fd": [
    23,
    23,
    23,
    23,
    23,
    24,
    24,
    24,
    24,
    24,
    24,
    24,
    24,
    24,
    25,
    25,
    25,
    25,
    25,
    25,
    25,
    25,
    25,
    25,
    25,
    25,
    25,
    25,
    25,
    25
  ],
  "median_growth_ratio": 2.7330415754923414,
  "peak_ratio": 3.065477192391853,
  "plateau_mode": false
}