{
  "schema": "ramflux.perf.d1.2b.k4.median_diagnostic.v1",
  "run_id": "d2bk4_r2_run0",
  "git_sha": "3baa1fdfeef2ef7831df1ecd8097d9c4037ea7e5",
  "git_dirty": true,
  "build": "release",
  "generated_note": "CTRL-088 PERF-D1-2b-K4: A_small K4 with 12 measured rounds; median-growth ratio recorded as DATA (not gated); absolute/peak/FD/conservation fail-stop; mac-dev, not an SLO",
  "k": 4,
  "rounds": 12,
  "object_bytes": 65536,
  "chunk_bytes": 65536,
  "objects_per_daemon_per_round": 4,
  "ops_ok": 192,
  "ops_total": 192,
  "error_classes": [],
  "http_object_requests": 0,
  "distinct_connections": 4,
  "max_requests_on_one_connection": 338,
  "measured_rss_anon_mib": [
    88.1171875,
    90.30859375,
    92.5859375,
    111.46875,
    121.6015625,
    131.18359375,
    154.19140625,
    143.6328125,
    142.8515625,
    142.61328125,
    156.359375,
    167.31640625
  ],
  "measured_rss_mib": [
    96.9921875,
    99.45703125,
    101.54296875,
    120.46875,
    130.82421875,
    140.45703125,
    163.2734375,
    152.69140625,
    151.91796875,
    151.69140625,
    165.49609375,
    176.4609375
  ],
  "measured_rss_file_mib": [
    5.7578125,
    5.7578125,
    5.7578125,
    5.7578125,
    5.7578125,
    5.7578125,
    5.7578125,
    5.7578125,
    5.7578125,
    5.7578125,
    5.7578125,
    5.7578125
  ],
  "measured_fd": [
    23,
    23,
    23,
    23,
    23,
    24,
    24,
    24,
    24,
    24,
    24,
    24
  ],
  "median_growth_ratio": 1.7313897659933388,
  "peak_ratio": 1.8527185431895843
}