{
  "schema": "ramflux.perf.d1.2b.k4.median_diagnostic.v2",
  "run_id": "a0b_cand32_r1_run0",
  "git_sha": "68788edf9bc6208aa555b719373a6aea59e7f6b3",
  "git_dirty": true,
  "build": "release",
  "generated_note": "CTRL-088 PERF-D1-2b-K4: A_small K4 median-gate diagnostic; median-growth ratio recorded as DATA (not gated); absolute/peak/FD/conservation fail-stop; mac-dev, not an SLO",
  "k": 4,
  "rounds": 30,
  "object_bytes": 65536,
  "chunk_bytes": 65536,
  "objects_per_daemon_per_round": 4,
  "ops_ok": 480,
  "ops_total": 480,
  "error_classes": [],
  "http_object_requests": 0,
  "distinct_connections": 4,
  "max_requests_on_one_connection": 770,
  "measured_rss_anon_mib": [
    79.796875,
    96.8828125,
    74.94140625,
    111.078125,
    104.90234375,
    105.8984375,
    112.234375,
    83.44140625,
    99.375,
    99.8828125,
    92.21875,
    107.39453125,
    108.1875,
    115.05859375,
    108.6953125,
    107.23046875,
    107.07421875,
    100.7890625,
    102.9375,
    113.82421875,
    113.49609375,
    113.04296875,
    108.2265625,
    107.25,
    109.59375,
    109.59375,
    115.91796875,
    115.40234375,
    108.67578125,
    94.88671875
  ],
  "measured_rss_mib": [
    88.73046875,
    121.8984375,
    116.09375,
    120.07421875,
    114.14453125,
    114.93359375,
    121.5234375,
    92.65234375,
    108.66796875,
    109.125,
    101.5390625,
    116.50390625,
    117.5078125,
    124.28515625,
    117.84765625,
    116.86328125,
    116.25,
    110.0390625,
    112.1328125,
    123.02734375,
    122.83984375,
    122.328125,
    117.46875,
    116.76171875,
    118.859375,
    118.87109375,
    125.42578125,
    124.890625,
    118.16796875,
    104.203125
  ],
  "measured_rss_file_mib": [
    5.765625,
    5.765625,
    5.765625,
    5.765625,
    5.765625,
    5.765625,
    5.765625,
    5.765625,
    5.765625,
    5.765625,
    5.765625,
    5.765625,
    5.765625,
    5.765625,
    5.765625,
    5.765625,
    5.765625,
    5.765625,
    5.765625,
    5.765625,
    5.765625,
    5.765625,
    5.765625,
    5.765625,
    5.765625,
    5.765625,
    5.765625,
    5.765625,
    5.765625,
    5.765625
  ],
  "measured_fd": [
    23,
    23,
    23,
    23,
    23,
    24,
    24,
    24,
    24,
    24,
    24,
    24,
    24,
    24,
    25,
    25,
    25,
    25,
    25,
    25,
    25,
    25,
    25,
    25,
    25,
    25,
    25,
    25,
    25,
    25
  ],
  "median_growth_ratio": 1.361905228118269,
  "peak_ratio": 1.4462012923438419,
  "plateau_mode": false
}