{
  "schema": "ramflux.perf.d1.2b.k4.median_diagnostic.v4",
  "run_id": "a0c_closure_run0",
  "git_sha": "4efc50c388959b75268b6ea8641cbb17d65a586f",
  "git_dirty": true,
  "build": "release",
  "generated_note": "CTRL-095 RELAY-MEM-03-A0c-closure PERF-D1-2b-K4: A_small K4 fresh-unique-PUT median-gate diagnostic; median-growth (<=1.25) AND peak (<=1.75) are FORMALLY asserted fail-stop gates (not record-only) alongside success/http/conservation/memcurrent(512)/FD; the 16 MiB redb page-cache candidate executes this gate. When RAMFLUX_S64_D2BK4_RESTART=1 the restart verification adds the six redb CacheStats counters (cold baseline vs post-warm) + read-reached-redb + used<=16MiB evidence. mac-dev, not an SLO",
  "k": 4,
  "rounds": 10,
  "object_bytes": 65536,
  "chunk_bytes": 65536,
  "objects_per_daemon_per_round": 4,
  "ops_ok": 160,
  "ops_total": 160,
  "error_classes": [],
  "http_object_requests": 0,
  "distinct_connections": 4,
  "max_requests_on_one_connection": 290,
  "measured_rss_anon_mib": [
    86.796875,
    72.76953125,
    81.59375,
    74.44921875,
    89.58984375,
    80.79296875,
    80.546875,
    97.0234375,
    77.3359375,
    89.8828125
  ],
  "measured_rss_mib": [
    95.78515625,
    81.6953125,
    90.68359375,
    83.40625,
    98.69921875,
    89.78125,
    95.6328125,
    128.18359375,
    86.79296875,
    99.05859375
  ],
  "measured_rss_file_mib": [
    5.75,
    5.75,
    5.75,
    5.75,
    5.75,
    5.75,
    5.75,
    5.75,
    5.75,
    5.75
  ],
  "measured_fd": [
    23,
    23,
    23,
    23,
    23,
    24,
    24,
    24,
    24,
    24
  ],
  "put_p50_ns": 77916125,
  "put_p95_ns": 108794291,
  "put_p99_ns": 122338250,
  "get_p50_ns": 29696584,
  "get_p95_ns": 33102625,
  "get_p99_ns": 41363041,
  "throughput_mib_s": 2.8450530723597254,
  "round_throughputs_mib_s": [
    2.8573245013433,
    2.5970998834876062,
    2.8425551402967817,
    2.7659864773078597,
    2.8450530723597254,
    2.8415148663596628,
    3.017374039720712,
    2.9368370778617914,
    3.061106574721229,
    2.940630507938783
  ],
  "restart": {
    "objects": 4,
    "rows_retained": true,
    "expected_get_captures": 4,
    "observed_get_captures": 4,
    "get_capture_conserved": true,
    "cache_cap_bytes": 16777216,
    "cache_used_bytes_pre_restart": 15839552,
    "cache_evictions_pre_restart": 1174,
    "cache_used_bytes_post_restart_cold": 16195584,
    "cache_evictions_post_restart_cold": 1004,
    "cache_read_hits_post_restart_cold": 44,
    "cache_read_misses_post_restart_cold": 1252,
    "cache_write_hits_post_restart_cold": 11,
    "cache_write_misses_post_restart_cold": 0,
    "cache_used_bytes_post_warm": 16723968,
    "cache_evictions_post_warm": 1007,
    "cache_read_hits_post_warm": 54,
    "cache_read_misses_post_warm": 1258,
    "cache_write_hits_post_warm": 11,
    "cache_write_misses_post_warm": 0,
    "cache_used_bytes_delta": 528384,
    "cache_evictions_delta": 3,
    "cache_read_hits_delta": 10,
    "cache_read_misses_delta": 6,
    "cache_write_hits_delta": 0,
    "cache_write_misses_delta": 0,
    "reads_reached_redb": true,
    "rss_anon_pre_restart_mib": 89.88671875,
    "rss_anon_post_restart_cold_mib": 20.203125,
    "rss_anon_post_warm_mib": 27.03515625,
    "rss_cold_dropped": true,
    "cache_used_bounded_16mib_cold": true,
    "cache_used_bounded_16mib_post_warm": true,
    "cache_used_bounded_across_restart": true,
    "cache_bounded_by_cap": true,
    "load_state_rewarm_note": "redb page cache does NOT cold-drop on restart: RelayRedbStore::load_state does a full table scan at startup that immediately re-warms the cache up to the configured cap, so used_bytes stays bounded (<= 16 MiB for the candidate) across the restart rather than dropping to zero. The process anon heap (RssAnon) is what cold-drops; the 4 re-GETs' read hit/miss delta proves they reached the redb store."
  },
  "median_growth_ratio": 1.1015894293374187,
  "peak_ratio": 1.1891037916507086,
  "plateau_mode": false
}