{
  "schema": "ramflux.perf.d1.2b.k4.median_diagnostic.v2",
  "run_id": "a3jem_k4_r1_run0",
  "git_sha": "68788edf9bc6208aa555b719373a6aea59e7f6b3",
  "git_dirty": true,
  "build": "release",
  "generated_note": "CTRL-088 PERF-D1-2b-K4: A_small K4 median-gate diagnostic; median-growth ratio recorded as DATA (not gated); absolute/peak/FD/conservation fail-stop; mac-dev, not an SLO",
  "k": 4,
  "rounds": 30,
  "object_bytes": 65536,
  "chunk_bytes": 65536,
  "objects_per_daemon_per_round": 4,
  "ops_ok": 480,
  "ops_total": 480,
  "error_classes": [],
  "http_object_requests": 0,
  "distinct_connections": 4,
  "max_requests_on_one_connection": 770,
  "measured_rss_anon_mib": [
    65.75390625,
    77.578125,
    75.46484375,
    73.1953125,
    93.49609375,
    110.62109375,
    122.65234375,
    92.55859375,
    92.66796875,
    98.78125,
    110.1171875,
    130.02734375,
    146.0234375,
    162.05078125,
    178.1953125,
    194.19140625,
    209.6015625,
    225.98828125,
    92.91796875,
    96.84765625,
    94.109375,
    109.9140625,
    120.7265625,
    139.0,
    157.66796875,
    173.46484375,
    193.94921875,
    208.7265625,
    229.33984375,
    247.2265625
  ],
  "measured_rss_mib": [
    75.41015625,
    74.44921875,
    68.90625,
    77.6015625,
    113.90234375,
    104.47265625,
    120.6171875,
    92.15234375,
    92.8203125,
    98.9453125,
    99.8203125,
    121.015625,
    137.7890625,
    151.51171875,
    167.1875,
    184.234375,
    200.890625,
    218.19921875,
    83.49609375,
    89.7109375,
    90.73046875,
    100.828125,
    118.9296875,
    134.92578125,
    154.36328125,
    167.4453125,
    187.75,
    204.75390625,
    226.12890625,
    239.703125
  ],
  "measured_rss_file_mib": [
    6.1953125,
    6.1953125,
    6.1953125,
    6.1953125,
    6.1953125,
    6.1953125,
    6.1953125,
    6.1953125,
    6.1953125,
    6.1953125,
    6.1953125,
    6.1953125,
    6.1953125,
    6.1953125,
    6.1953125,
    6.1953125,
    6.1953125,
    6.1953125,
    6.1953125,
    6.1953125,
    6.1953125,
    6.1953125,
    6.1953125,
    6.1953125,
    6.1953125,
    6.1953125,
    6.1953125,
    6.1953125,
    6.1953125,
    6.1953125
  ],
  "measured_fd": [
    23,
    23,
    23,
    23,
    23,
    24,
    24,
    24,
    24,
    24,
    24,
    24,
    24,
    24,
    25,
    25,
    25,
    25,
    25,
    25,
    25,
    25,
    25,
    25,
    25,
    25,
    25,
    25,
    25,
    25
  ],
  "median_growth_ratio": 3.0390289352450957,
  "peak_ratio": 3.2760494849629898,
  "plateau_mode": false
}